"quizId","quiz_title","submission_id","submittedAt","question_number","question","answer","correct"
"c1849e65-cc70-48e3-bdeb-ed2d62b7565f","Nike Run Club: Marathon Legends","1ead5aa0-135e-c365-dd5a-34e28385fd54","2026-06-20T09:00:00Z",1,"What is the standard distance of a marathon?","42.195 km",True
"c1849e65-cc70-48e3-bdeb-ed2d62b7565f","Nike Run Club: Marathon Legends","1ead5aa0-135e-c365-dd5a-34e28385fd54","2026-06-20T09:00:00Z",2,"Who broke the 2-hour marathon barrier in an unofficial 2019 event?","Eliud Kipchoge",True
"c1849e65-cc70-48e3-bdeb-ed2d62b7565f","Nike Run Club: Marathon Legends","1ead5aa0-135e-c365-dd5a-34e28385fd54","2026-06-20T09:00:00Z",3,"Which major marathon is held on Patriots' Day?","Boston Marathon",True
"c1849e65-cc70-48e3-bdeb-ed2d62b7565f","Nike Run Club: Marathon Legends","1ead5aa0-135e-c365-dd5a-34e28385fd54","2026-06-20T09:00:00Z",4,"What Nike shoe technology is known for its carbon plate?","Vaporfly",True
"c1849e65-cc70-48e3-bdeb-ed2d62b7565f","Nike Run Club: Marathon Legends","1ead5aa0-135e-c365-dd5a-34e28385fd54","2026-06-20T09:00:00Z",5,"How many marathons make up the World Marathon Majors?","Six",True
"c1849e65-cc70-48e3-bdeb-ed2d62b7565f","Nike Run Club: Marathon Legends","7fdc5a8b-3b14-85dc-43c7-5d8893874e81","2026-06-20T10:07:00Z",1,"What is the standard distance of a marathon?","42.195 km",True
"c1849e65-cc70-48e3-bdeb-ed2d62b7565f","Nike Run Club: Marathon Legends","7fdc5a8b-3b14-85dc-43c7-5d8893874e81","2026-06-20T10:07:00Z",2,"Who broke the 2-hour marathon barrier in an unofficial 2019 event?","Kenenisa Bekele",False
"c1849e65-cc70-48e3-bdeb-ed2d62b7565f","Nike Run Club: Marathon Legends","7fdc5a8b-3b14-85dc-43c7-5d8893874e81","2026-06-20T10:07:00Z",3,"Which major marathon is held on Patriots' Day?","Boston Marathon",True
"c1849e65-cc70-48e3-bdeb-ed2d62b7565f","Nike Run Club: Marathon Legends","7fdc5a8b-3b14-85dc-43c7-5d8893874e81","2026-06-20T10:07:00Z",4,"What Nike shoe technology is known for its carbon plate?","Air Max",False
"c1849e65-cc70-48e3-bdeb-ed2d62b7565f","Nike Run Club: Marathon Legends","7fdc5a8b-3b14-85dc-43c7-5d8893874e81","2026-06-20T10:07:00Z",5,"How many marathons make up the World Marathon Majors?","Six",True
"c1849e65-cc70-48e3-bdeb-ed2d62b7565f","Nike Run Club: Marathon Legends","416d4409-c05e-0c73-7130-373b9ee20f76","2026-06-20T11:14:00Z",1,"What is the standard distance of a marathon?","42.195 km",True
"c1849e65-cc70-48e3-bdeb-ed2d62b7565f","Nike Run Club: Marathon Legends","416d4409-c05e-0c73-7130-373b9ee20f76","2026-06-20T11:14:00Z",2,"Who broke the 2-hour marathon barrier in an unofficial 2019 event?","Mo Farah",False
"c1849e65-cc70-48e3-bdeb-ed2d62b7565f","Nike Run Club: Marathon Legends","416d4409-c05e-0c73-7130-373b9ee20f76","2026-06-20T11:14:00Z",3,"Which major marathon is held on Patriots' Day?","Berlin Marathon",False
"c1849e65-cc70-48e3-bdeb-ed2d62b7565f","Nike Run Club: Marathon Legends","416d4409-c05e-0c73-7130-373b9ee20f76","2026-06-20T11:14:00Z",4,"What Nike shoe technology is known for its carbon plate?","Free Run",False
"c1849e65-cc70-48e3-bdeb-ed2d62b7565f","Nike Run Club: Marathon Legends","416d4409-c05e-0c73-7130-373b9ee20f76","2026-06-20T11:14:00Z",5,"How many marathons make up the World Marathon Majors?","Five",False
"a56c7c4f-be6c-48a1-a8d4-831cc1d7e9c7","Fifa World Cup 2026","d7cce649-d2bc-47cb-9ba6-932814fe0815","2026-07-14T11:16:00Z",1,"How many years has it been since the last time Norway qualified for the Fifa World Cup?","29",False
"a56c7c4f-be6c-48a1-a8d4-831cc1d7e9c7","Fifa World Cup 2026","d7cce649-d2bc-47cb-9ba6-932814fe0815","2026-07-14T11:16:00Z",2,"In which minute did Eerling Haaland score the winning goal against Brazil in the 2026 world cup?","89",False
"a56c7c4f-be6c-48a1-a8d4-831cc1d7e9c7","Fifa World Cup 2026","d7cce649-d2bc-47cb-9ba6-932814fe0815","2026-07-14T11:16:00Z",3,"Which brand is the current kit provider for the Norwegian National Football Team?","Nike",True
"a56c7c4f-be6c-48a1-a8d4-831cc1d7e9c7","Fifa World Cup 2026","d7cce649-d2bc-47cb-9ba6-932814fe0815","2026-07-14T11:16:00Z",4,"How old is Eerling Haaland?","24",False
"a56c7c4f-be6c-48a1-a8d4-831cc1d7e9c7","Fifa World Cup 2026","7071c940-da5a-4743-9a63-8633219374a8","2026-07-14T13:01:00Z",1,"How many years has it been since the last time Norway qualified for the Fifa World Cup?","28",True
"a56c7c4f-be6c-48a1-a8d4-831cc1d7e9c7","Fifa World Cup 2026","7071c940-da5a-4743-9a63-8633219374a8","2026-07-14T13:01:00Z",2,"In which minute did Eerling Haaland score the winning goal against Brazil in the 2026 world cup?","79",False
"a56c7c4f-be6c-48a1-a8d4-831cc1d7e9c7","Fifa World Cup 2026","7071c940-da5a-4743-9a63-8633219374a8","2026-07-14T13:01:00Z",3,"Which brand is the current kit provider for the Norwegian National Football Team?","Nike",True
"a56c7c4f-be6c-48a1-a8d4-831cc1d7e9c7","Fifa World Cup 2026","7071c940-da5a-4743-9a63-8633219374a8","2026-07-14T13:01:00Z",4,"How old is Eerling Haaland?","26",True
"a56c7c4f-be6c-48a1-a8d4-831cc1d7e9c7","Fifa World Cup 2026","4b9ae294-7de2-4fc3-b25c-eca5e5977add","2026-07-14T14:29:00Z",1,"How many years has it been since the last time Norway qualified for the Fifa World Cup?","28",True
"a56c7c4f-be6c-48a1-a8d4-831cc1d7e9c7","Fifa World Cup 2026","4b9ae294-7de2-4fc3-b25c-eca5e5977add","2026-07-14T14:29:00Z",2,"In which minute did Eerling Haaland score the winning goal against Brazil in the 2026 world cup?","90",True
"a56c7c4f-be6c-48a1-a8d4-831cc1d7e9c7","Fifa World Cup 2026","4b9ae294-7de2-4fc3-b25c-eca5e5977add","2026-07-14T14:29:00Z",3,"Which brand is the current kit provider for the Norwegian National Football Team?","Nike",True
"a56c7c4f-be6c-48a1-a8d4-831cc1d7e9c7","Fifa World Cup 2026","4b9ae294-7de2-4fc3-b25c-eca5e5977add","2026-07-14T14:29:00Z",4,"How old is Eerling Haaland?","26",True
"a56c7c4f-be6c-48a1-a8d4-831cc1d7e9c7","Fifa World Cup 2026","33d790c2-f828-4981-8e67-d10bd1521721","2026-07-14T16:57:00Z",1,"How many years has it been since the last time Norway qualified for the Fifa World Cup?","28",True
"a56c7c4f-be6c-48a1-a8d4-831cc1d7e9c7","Fifa World Cup 2026","33d790c2-f828-4981-8e67-d10bd1521721","2026-07-14T16:57:00Z",2,"In which minute did Eerling Haaland score the winning goal against Brazil in the 2026 world cup?","87",False
"a56c7c4f-be6c-48a1-a8d4-831cc1d7e9c7","Fifa World Cup 2026","33d790c2-f828-4981-8e67-d10bd1521721","2026-07-14T16:57:00Z",3,"Which brand is the current kit provider for the Norwegian National Football Team?","Nike",True
"a56c7c4f-be6c-48a1-a8d4-831cc1d7e9c7","Fifa World Cup 2026","33d790c2-f828-4981-8e67-d10bd1521721","2026-07-14T16:57:00Z",4,"How old is Eerling Haaland?","27",False
"a56c7c4f-be6c-48a1-a8d4-831cc1d7e9c7","Fifa World Cup 2026","63b02060-0f47-466b-bacf-c4f421b6c766","2026-07-14T18:33:00Z",1,"How many years has it been since the last time Norway qualified for the Fifa World Cup?","28",True
"a56c7c4f-be6c-48a1-a8d4-831cc1d7e9c7","Fifa World Cup 2026","63b02060-0f47-466b-bacf-c4f421b6c766","2026-07-14T18:33:00Z",2,"In which minute did Eerling Haaland score the winning goal against Brazil in the 2026 world cup?","90",True
"a56c7c4f-be6c-48a1-a8d4-831cc1d7e9c7","Fifa World Cup 2026","63b02060-0f47-466b-bacf-c4f421b6c766","2026-07-14T18:33:00Z",3,"Which brand is the current kit provider for the Norwegian National Football Team?","Nike",True
"a56c7c4f-be6c-48a1-a8d4-831cc1d7e9c7","Fifa World Cup 2026","63b02060-0f47-466b-bacf-c4f421b6c766","2026-07-14T18:33:00Z",4,"How old is Eerling Haaland?","26",True
"a56c7c4f-be6c-48a1-a8d4-831cc1d7e9c7","Fifa World Cup 2026","a3afed03-8ae2-42f6-a906-836b6b5a2e7c","2026-07-14T19:32:00Z",1,"How many years has it been since the last time Norway qualified for the Fifa World Cup?","20",False
"a56c7c4f-be6c-48a1-a8d4-831cc1d7e9c7","Fifa World Cup 2026","a3afed03-8ae2-42f6-a906-836b6b5a2e7c","2026-07-14T19:32:00Z",2,"In which minute did Eerling Haaland score the winning goal against Brazil in the 2026 world cup?","90",True
"a56c7c4f-be6c-48a1-a8d4-831cc1d7e9c7","Fifa World Cup 2026","a3afed03-8ae2-42f6-a906-836b6b5a2e7c","2026-07-14T19:32:00Z",3,"Which brand is the current kit provider for the Norwegian National Football Team?","Nike",True
"a56c7c4f-be6c-48a1-a8d4-831cc1d7e9c7","Fifa World Cup 2026","a3afed03-8ae2-42f6-a906-836b6b5a2e7c","2026-07-14T19:32:00Z",4,"How old is Eerling Haaland?","24",False
"a56c7c4f-be6c-48a1-a8d4-831cc1d7e9c7","Fifa World Cup 2026","6211ffc4-3859-441d-b124-028ffac91fc9","2026-07-14T22:12:00Z",1,"How many years has it been since the last time Norway qualified for the Fifa World Cup?","28",True
"a56c7c4f-be6c-48a1-a8d4-831cc1d7e9c7","Fifa World Cup 2026","6211ffc4-3859-441d-b124-028ffac91fc9","2026-07-14T22:12:00Z",2,"In which minute did Eerling Haaland score the winning goal against Brazil in the 2026 world cup?","90",True
"a56c7c4f-be6c-48a1-a8d4-831cc1d7e9c7","Fifa World Cup 2026","6211ffc4-3859-441d-b124-028ffac91fc9","2026-07-14T22:12:00Z",3,"Which brand is the current kit provider for the Norwegian National Football Team?","Nike",True
"a56c7c4f-be6c-48a1-a8d4-831cc1d7e9c7","Fifa World Cup 2026","6211ffc4-3859-441d-b124-028ffac91fc9","2026-07-14T22:12:00Z",4,"How old is Eerling Haaland?","31",False
"a56c7c4f-be6c-48a1-a8d4-831cc1d7e9c7","Fifa World Cup 2026","b7232ab5-57c8-49ec-8a8f-c71a303e4389","2026-07-14T23:31:00Z",1,"How many years has it been since the last time Norway qualified for the Fifa World Cup?","28",True
"a56c7c4f-be6c-48a1-a8d4-831cc1d7e9c7","Fifa World Cup 2026","b7232ab5-57c8-49ec-8a8f-c71a303e4389","2026-07-14T23:31:00Z",2,"In which minute did Eerling Haaland score the winning goal against Brazil in the 2026 world cup?","90",True
"a56c7c4f-be6c-48a1-a8d4-831cc1d7e9c7","Fifa World Cup 2026","b7232ab5-57c8-49ec-8a8f-c71a303e4389","2026-07-14T23:31:00Z",3,"Which brand is the current kit provider for the Norwegian National Football Team?","Nike",True
"a56c7c4f-be6c-48a1-a8d4-831cc1d7e9c7","Fifa World Cup 2026","b7232ab5-57c8-49ec-8a8f-c71a303e4389","2026-07-14T23:31:00Z",4,"How old is Eerling Haaland?","26",True
"a56c7c4f-be6c-48a1-a8d4-831cc1d7e9c7","Fifa World Cup 2026","192655f2-9fed-48c5-80e3-9becaf230108","2026-07-15T00:49:00Z",1,"How many years has it been since the last time Norway qualified for the Fifa World Cup?","20",False
"a56c7c4f-be6c-48a1-a8d4-831cc1d7e9c7","Fifa World Cup 2026","192655f2-9fed-48c5-80e3-9becaf230108","2026-07-15T00:49:00Z",2,"In which minute did Eerling Haaland score the winning goal against Brazil in the 2026 world cup?","89",False
"a56c7c4f-be6c-48a1-a8d4-831cc1d7e9c7","Fifa World Cup 2026","192655f2-9fed-48c5-80e3-9becaf230108","2026-07-15T00:49:00Z",3,"Which brand is the current kit provider for the Norwegian National Football Team?","Nike",True
"a56c7c4f-be6c-48a1-a8d4-831cc1d7e9c7","Fifa World Cup 2026","192655f2-9fed-48c5-80e3-9becaf230108","2026-07-15T00:49:00Z",4,"How old is Eerling Haaland?","26",True
"a56c7c4f-be6c-48a1-a8d4-831cc1d7e9c7","Fifa World Cup 2026","ef22b047-b03c-4475-b75c-5530bcda9c7a","2026-07-15T01:27:00Z",1,"How many years has it been since the last time Norway qualified for the Fifa World Cup?","28",True
"a56c7c4f-be6c-48a1-a8d4-831cc1d7e9c7","Fifa World Cup 2026","ef22b047-b03c-4475-b75c-5530bcda9c7a","2026-07-15T01:27:00Z",2,"In which minute did Eerling Haaland score the winning goal against Brazil in the 2026 world cup?","87",False
"a56c7c4f-be6c-48a1-a8d4-831cc1d7e9c7","Fifa World Cup 2026","ef22b047-b03c-4475-b75c-5530bcda9c7a","2026-07-15T01:27:00Z",3,"Which brand is the current kit provider for the Norwegian National Football Team?","Nike",True
"a56c7c4f-be6c-48a1-a8d4-831cc1d7e9c7","Fifa World Cup 2026","ef22b047-b03c-4475-b75c-5530bcda9c7a","2026-07-15T01:27:00Z",4,"How old is Eerling Haaland?","26",True
"a56c7c4f-be6c-48a1-a8d4-831cc1d7e9c7","Fifa World Cup 2026","fd19c69d-0692-46e1-afd0-f1d27fad3e45","2026-07-15T03:27:00Z",1,"How many years has it been since the last time Norway qualified for the Fifa World Cup?","20",False
"a56c7c4f-be6c-48a1-a8d4-831cc1d7e9c7","Fifa World Cup 2026","fd19c69d-0692-46e1-afd0-f1d27fad3e45","2026-07-15T03:27:00Z",2,"In which minute did Eerling Haaland score the winning goal against Brazil in the 2026 world cup?","87",False
"a56c7c4f-be6c-48a1-a8d4-831cc1d7e9c7","Fifa World Cup 2026","fd19c69d-0692-46e1-afd0-f1d27fad3e45","2026-07-15T03:27:00Z",3,"Which brand is the current kit provider for the Norwegian National Football Team?","Adidas",False
"a56c7c4f-be6c-48a1-a8d4-831cc1d7e9c7","Fifa World Cup 2026","fd19c69d-0692-46e1-afd0-f1d27fad3e45","2026-07-15T03:27:00Z",4,"How old is Eerling Haaland?","31",False
"a56c7c4f-be6c-48a1-a8d4-831cc1d7e9c7","Fifa World Cup 2026","f0781b34-4878-484b-8c59-b64de9c418fa","2026-07-15T05:09:00Z",1,"How many years has it been since the last time Norway qualified for the Fifa World Cup?","28",True
"a56c7c4f-be6c-48a1-a8d4-831cc1d7e9c7","Fifa World Cup 2026","f0781b34-4878-484b-8c59-b64de9c418fa","2026-07-15T05:09:00Z",2,"In which minute did Eerling Haaland score the winning goal against Brazil in the 2026 world cup?","90",True
"a56c7c4f-be6c-48a1-a8d4-831cc1d7e9c7","Fifa World Cup 2026","f0781b34-4878-484b-8c59-b64de9c418fa","2026-07-15T05:09:00Z",3,"Which brand is the current kit provider for the Norwegian National Football Team?","Nike",True
"a56c7c4f-be6c-48a1-a8d4-831cc1d7e9c7","Fifa World Cup 2026","f0781b34-4878-484b-8c59-b64de9c418fa","2026-07-15T05:09:00Z",4,"How old is Eerling Haaland?","24",False
"a56c7c4f-be6c-48a1-a8d4-831cc1d7e9c7","Fifa World Cup 2026","bfe18da2-c0c7-4ac7-a2e0-bd0847f234cc","2026-07-15T08:54:00Z",1,"How many years has it been since the last time Norway qualified for the Fifa World Cup?","28",True
"a56c7c4f-be6c-48a1-a8d4-831cc1d7e9c7","Fifa World Cup 2026","bfe18da2-c0c7-4ac7-a2e0-bd0847f234cc","2026-07-15T08:54:00Z",2,"In which minute did Eerling Haaland score the winning goal against Brazil in the 2026 world cup?","89",False
"a56c7c4f-be6c-48a1-a8d4-831cc1d7e9c7","Fifa World Cup 2026","bfe18da2-c0c7-4ac7-a2e0-bd0847f234cc","2026-07-15T08:54:00Z",3,"Which brand is the current kit provider for the Norwegian National Football Team?","Nike",True
"a56c7c4f-be6c-48a1-a8d4-831cc1d7e9c7","Fifa World Cup 2026","bfe18da2-c0c7-4ac7-a2e0-bd0847f234cc","2026-07-15T08:54:00Z",4,"How old is Eerling Haaland?","31",False
"a56c7c4f-be6c-48a1-a8d4-831cc1d7e9c7","Fifa World Cup 2026","2dc81d42-2d0d-47b1-b9e7-81878bfe11e0","2026-07-15T12:07:00Z",1,"How many years has it been since the last time Norway qualified for the Fifa World Cup?","32",False
"a56c7c4f-be6c-48a1-a8d4-831cc1d7e9c7","Fifa World Cup 2026","2dc81d42-2d0d-47b1-b9e7-81878bfe11e0","2026-07-15T12:07:00Z",2,"In which minute did Eerling Haaland score the winning goal against Brazil in the 2026 world cup?","90",True
"a56c7c4f-be6c-48a1-a8d4-831cc1d7e9c7","Fifa World Cup 2026","2dc81d42-2d0d-47b1-b9e7-81878bfe11e0","2026-07-15T12:07:00Z",3,"Which brand is the current kit provider for the Norwegian National Football Team?","Nike",True
"a56c7c4f-be6c-48a1-a8d4-831cc1d7e9c7","Fifa World Cup 2026","2dc81d42-2d0d-47b1-b9e7-81878bfe11e0","2026-07-15T12:07:00Z",4,"How old is Eerling Haaland?","26",True
"a56c7c4f-be6c-48a1-a8d4-831cc1d7e9c7","Fifa World Cup 2026","dc066d74-eebe-44f8-957b-da4c698dd2e9","2026-07-15T14:29:00Z",1,"How many years has it been since the last time Norway qualified for the Fifa World Cup?","28",True
"a56c7c4f-be6c-48a1-a8d4-831cc1d7e9c7","Fifa World Cup 2026","dc066d74-eebe-44f8-957b-da4c698dd2e9","2026-07-15T14:29:00Z",2,"In which minute did Eerling Haaland score the winning goal against Brazil in the 2026 world cup?","90",True
"a56c7c4f-be6c-48a1-a8d4-831cc1d7e9c7","Fifa World Cup 2026","dc066d74-eebe-44f8-957b-da4c698dd2e9","2026-07-15T14:29:00Z",3,"Which brand is the current kit provider for the Norwegian National Football Team?","Nike",True
"a56c7c4f-be6c-48a1-a8d4-831cc1d7e9c7","Fifa World Cup 2026","dc066d74-eebe-44f8-957b-da4c698dd2e9","2026-07-15T14:29:00Z",4,"How old is Eerling Haaland?","26",True
"a56c7c4f-be6c-48a1-a8d4-831cc1d7e9c7","Fifa World Cup 2026","ee864749-aa4f-419e-b705-1f56155ea025","2026-07-15T15:39:00Z",1,"How many years has it been since the last time Norway qualified for the Fifa World Cup?","29",False
"a56c7c4f-be6c-48a1-a8d4-831cc1d7e9c7","Fifa World Cup 2026","ee864749-aa4f-419e-b705-1f56155ea025","2026-07-15T15:39:00Z",2,"In which minute did Eerling Haaland score the winning goal against Brazil in the 2026 world cup?","89",False
"a56c7c4f-be6c-48a1-a8d4-831cc1d7e9c7","Fifa World Cup 2026","ee864749-aa4f-419e-b705-1f56155ea025","2026-07-15T15:39:00Z",3,"Which brand is the current kit provider for the Norwegian National Football Team?","Nike",True
"a56c7c4f-be6c-48a1-a8d4-831cc1d7e9c7","Fifa World Cup 2026","ee864749-aa4f-419e-b705-1f56155ea025","2026-07-15T15:39:00Z",4,"How old is Eerling Haaland?","24",False
"a56c7c4f-be6c-48a1-a8d4-831cc1d7e9c7","Fifa World Cup 2026","1b563fb0-25b9-4628-a210-e21af7c111d2","2026-07-15T18:05:00Z",1,"How many years has it been since the last time Norway qualified for the Fifa World Cup?","28",True
"a56c7c4f-be6c-48a1-a8d4-831cc1d7e9c7","Fifa World Cup 2026","1b563fb0-25b9-4628-a210-e21af7c111d2","2026-07-15T18:05:00Z",2,"In which minute did Eerling Haaland score the winning goal against Brazil in the 2026 world cup?","79",False
"a56c7c4f-be6c-48a1-a8d4-831cc1d7e9c7","Fifa World Cup 2026","1b563fb0-25b9-4628-a210-e21af7c111d2","2026-07-15T18:05:00Z",3,"Which brand is the current kit provider for the Norwegian National Football Team?","Nike",True
"a56c7c4f-be6c-48a1-a8d4-831cc1d7e9c7","Fifa World Cup 2026","1b563fb0-25b9-4628-a210-e21af7c111d2","2026-07-15T18:05:00Z",4,"How old is Eerling Haaland?","26",True
"a56c7c4f-be6c-48a1-a8d4-831cc1d7e9c7","Fifa World Cup 2026","a930bc85-8d23-490e-b839-d580eebe4c6d","2026-07-15T20:54:00Z",1,"How many years has it been since the last time Norway qualified for the Fifa World Cup?","28",True
"a56c7c4f-be6c-48a1-a8d4-831cc1d7e9c7","Fifa World Cup 2026","a930bc85-8d23-490e-b839-d580eebe4c6d","2026-07-15T20:54:00Z",2,"In which minute did Eerling Haaland score the winning goal against Brazil in the 2026 world cup?","90",True
"a56c7c4f-be6c-48a1-a8d4-831cc1d7e9c7","Fifa World Cup 2026","a930bc85-8d23-490e-b839-d580eebe4c6d","2026-07-15T20:54:00Z",3,"Which brand is the current kit provider for the Norwegian National Football Team?","Hummel",False
"a56c7c4f-be6c-48a1-a8d4-831cc1d7e9c7","Fifa World Cup 2026","a930bc85-8d23-490e-b839-d580eebe4c6d","2026-07-15T20:54:00Z",4,"How old is Eerling Haaland?","26",True
"a56c7c4f-be6c-48a1-a8d4-831cc1d7e9c7","Fifa World Cup 2026","744b01c8-8a09-4ab7-ade8-324ab701adeb","2026-07-15T21:48:00Z",1,"How many years has it been since the last time Norway qualified for the Fifa World Cup?","20",False
"a56c7c4f-be6c-48a1-a8d4-831cc1d7e9c7","Fifa World Cup 2026","744b01c8-8a09-4ab7-ade8-324ab701adeb","2026-07-15T21:48:00Z",2,"In which minute did Eerling Haaland score the winning goal against Brazil in the 2026 world cup?","90",True
"a56c7c4f-be6c-48a1-a8d4-831cc1d7e9c7","Fifa World Cup 2026","744b01c8-8a09-4ab7-ade8-324ab701adeb","2026-07-15T21:48:00Z",3,"Which brand is the current kit provider for the Norwegian National Football Team?","Nike",True
"a56c7c4f-be6c-48a1-a8d4-831cc1d7e9c7","Fifa World Cup 2026","744b01c8-8a09-4ab7-ade8-324ab701adeb","2026-07-15T21:48:00Z",4,"How old is Eerling Haaland?","24",False
"a56c7c4f-be6c-48a1-a8d4-831cc1d7e9c7","Fifa World Cup 2026","8ace2fb2-369e-41f4-81f8-01648b7a39bd","2026-07-16T00:07:00Z",1,"How many years has it been since the last time Norway qualified for the Fifa World Cup?","28",True
"a56c7c4f-be6c-48a1-a8d4-831cc1d7e9c7","Fifa World Cup 2026","8ace2fb2-369e-41f4-81f8-01648b7a39bd","2026-07-16T00:07:00Z",2,"In which minute did Eerling Haaland score the winning goal against Brazil in the 2026 world cup?","90",True
"a56c7c4f-be6c-48a1-a8d4-831cc1d7e9c7","Fifa World Cup 2026","8ace2fb2-369e-41f4-81f8-01648b7a39bd","2026-07-16T00:07:00Z",3,"Which brand is the current kit provider for the Norwegian National Football Team?","Nike",True
"a56c7c4f-be6c-48a1-a8d4-831cc1d7e9c7","Fifa World Cup 2026","8ace2fb2-369e-41f4-81f8-01648b7a39bd","2026-07-16T00:07:00Z",4,"How old is Eerling Haaland?","26",True
"a56c7c4f-be6c-48a1-a8d4-831cc1d7e9c7","Fifa World Cup 2026","f26b47b6-31fd-4e23-89b1-019408e05dfe","2026-07-16T03:13:00Z",1,"How many years has it been since the last time Norway qualified for the Fifa World Cup?","29",False
"a56c7c4f-be6c-48a1-a8d4-831cc1d7e9c7","Fifa World Cup 2026","f26b47b6-31fd-4e23-89b1-019408e05dfe","2026-07-16T03:13:00Z",2,"In which minute did Eerling Haaland score the winning goal against Brazil in the 2026 world cup?","79",False
"a56c7c4f-be6c-48a1-a8d4-831cc1d7e9c7","Fifa World Cup 2026","f26b47b6-31fd-4e23-89b1-019408e05dfe","2026-07-16T03:13:00Z",3,"Which brand is the current kit provider for the Norwegian National Football Team?","Nike",True
"a56c7c4f-be6c-48a1-a8d4-831cc1d7e9c7","Fifa World Cup 2026","f26b47b6-31fd-4e23-89b1-019408e05dfe","2026-07-16T03:13:00Z",4,"How old is Eerling Haaland?","26",True
"a56c7c4f-be6c-48a1-a8d4-831cc1d7e9c7","Fifa World Cup 2026","3b2f49ea-17b1-44cc-8e7d-291bfc3e45c4","2026-07-16T06:55:00Z",1,"How many years has it been since the last time Norway qualified for the Fifa World Cup?","28",True
"a56c7c4f-be6c-48a1-a8d4-831cc1d7e9c7","Fifa World Cup 2026","3b2f49ea-17b1-44cc-8e7d-291bfc3e45c4","2026-07-16T06:55:00Z",2,"In which minute did Eerling Haaland score the winning goal against Brazil in the 2026 world cup?","87",False
"a56c7c4f-be6c-48a1-a8d4-831cc1d7e9c7","Fifa World Cup 2026","3b2f49ea-17b1-44cc-8e7d-291bfc3e45c4","2026-07-16T06:55:00Z",3,"Which brand is the current kit provider for the Norwegian National Football Team?","Hummel",False
"a56c7c4f-be6c-48a1-a8d4-831cc1d7e9c7","Fifa World Cup 2026","3b2f49ea-17b1-44cc-8e7d-291bfc3e45c4","2026-07-16T06:55:00Z",4,"How old is Eerling Haaland?","31",False
"a56c7c4f-be6c-48a1-a8d4-831cc1d7e9c7","Fifa World Cup 2026","e1737d18-ed2d-45d5-8f75-08f6225a9f19","2026-07-16T08:16:00Z",1,"How many years has it been since the last time Norway qualified for the Fifa World Cup?","32",False
"a56c7c4f-be6c-48a1-a8d4-831cc1d7e9c7","Fifa World Cup 2026","e1737d18-ed2d-45d5-8f75-08f6225a9f19","2026-07-16T08:16:00Z",2,"In which minute did Eerling Haaland score the winning goal against Brazil in the 2026 world cup?","90",True
"a56c7c4f-be6c-48a1-a8d4-831cc1d7e9c7","Fifa World Cup 2026","e1737d18-ed2d-45d5-8f75-08f6225a9f19","2026-07-16T08:16:00Z",3,"Which brand is the current kit provider for the Norwegian National Football Team?","Nike",True
"a56c7c4f-be6c-48a1-a8d4-831cc1d7e9c7","Fifa World Cup 2026","e1737d18-ed2d-45d5-8f75-08f6225a9f19","2026-07-16T08:16:00Z",4,"How old is Eerling Haaland?","26",True
"3f1c8e42-5a7d-4b19-9e63-c0d84f2a71b5","Chelsea FC Stadium and Museum Tour","ab51f20e-0cbe-4719-9159-76e3a2b41bd2","2026-07-18T09:47:00Z",1,"In which year was Chelsea FC founded?","1919",False
"3f1c8e42-5a7d-4b19-9e63-c0d84f2a71b5","Chelsea FC Stadium and Museum Tour","ab51f20e-0cbe-4719-9159-76e3a2b41bd2","2026-07-18T09:47:00Z",2,"What is the name of Chelsea FC's home stadium?","Stamford Bridge",True
"3f1c8e42-5a7d-4b19-9e63-c0d84f2a71b5","Chelsea FC Stadium and Museum Tour","ab51f20e-0cbe-4719-9159-76e3a2b41bd2","2026-07-18T09:47:00Z",3,"Which animal features on the Chelsea FC club crest?","Lion",True
"3f1c8e42-5a7d-4b19-9e63-c0d84f2a71b5","Chelsea FC Stadium and Museum Tour","ab51f20e-0cbe-4719-9159-76e3a2b41bd2","2026-07-18T09:47:00Z",4,"Who is Chelsea FC's all-time leading goalscorer?","Didier Drogba",False
"3f1c8e42-5a7d-4b19-9e63-c0d84f2a71b5","Chelsea FC Stadium and Museum Tour","ab51f20e-0cbe-4719-9159-76e3a2b41bd2","2026-07-18T09:47:00Z",5,"In which year did Chelsea FC win their first UEFA Champions League title?","2005",False
"3f1c8e42-5a7d-4b19-9e63-c0d84f2a71b5","Chelsea FC Stadium and Museum Tour","18979a3c-41c4-4211-9a42-6ab138fb9166","2026-07-18T12:12:00Z",1,"In which year was Chelsea FC founded?","1905",True
"3f1c8e42-5a7d-4b19-9e63-c0d84f2a71b5","Chelsea FC Stadium and Museum Tour","18979a3c-41c4-4211-9a42-6ab138fb9166","2026-07-18T12:12:00Z",2,"What is the name of Chelsea FC's home stadium?","Stamford Bridge",True
"3f1c8e42-5a7d-4b19-9e63-c0d84f2a71b5","Chelsea FC Stadium and Museum Tour","18979a3c-41c4-4211-9a42-6ab138fb9166","2026-07-18T12:12:00Z",3,"Which animal features on the Chelsea FC club crest?","Lion",True
"3f1c8e42-5a7d-4b19-9e63-c0d84f2a71b5","Chelsea FC Stadium and Museum Tour","18979a3c-41c4-4211-9a42-6ab138fb9166","2026-07-18T12:12:00Z",4,"Who is Chelsea FC's all-time leading goalscorer?","Didier Drogba",False
"3f1c8e42-5a7d-4b19-9e63-c0d84f2a71b5","Chelsea FC Stadium and Museum Tour","18979a3c-41c4-4211-9a42-6ab138fb9166","2026-07-18T12:12:00Z",5,"In which year did Chelsea FC win their first UEFA Champions League title?","2012",True
"3f1c8e42-5a7d-4b19-9e63-c0d84f2a71b5","Chelsea FC Stadium and Museum Tour","9ddc2572-637e-4d67-9dd7-b4bda0fe026f","2026-07-18T14:16:00Z",1,"In which year was Chelsea FC founded?","1905",True
"3f1c8e42-5a7d-4b19-9e63-c0d84f2a71b5","Chelsea FC Stadium and Museum Tour","9ddc2572-637e-4d67-9dd7-b4bda0fe026f","2026-07-18T14:16:00Z",2,"What is the name of Chelsea FC's home stadium?","Stamford Bridge",True
"3f1c8e42-5a7d-4b19-9e63-c0d84f2a71b5","Chelsea FC Stadium and Museum Tour","9ddc2572-637e-4d67-9dd7-b4bda0fe026f","2026-07-18T14:16:00Z",3,"Which animal features on the Chelsea FC club crest?","Lion",True
"3f1c8e42-5a7d-4b19-9e63-c0d84f2a71b5","Chelsea FC Stadium and Museum Tour","9ddc2572-637e-4d67-9dd7-b4bda0fe026f","2026-07-18T14:16:00Z",4,"Who is Chelsea FC's all-time leading goalscorer?","Frank Lampard",True
"3f1c8e42-5a7d-4b19-9e63-c0d84f2a71b5","Chelsea FC Stadium and Museum Tour","9ddc2572-637e-4d67-9dd7-b4bda0fe026f","2026-07-18T14:16:00Z",5,"In which year did Chelsea FC win their first UEFA Champions League title?","2012",True
"3f1c8e42-5a7d-4b19-9e63-c0d84f2a71b5","Chelsea FC Stadium and Museum Tour","951046f5-a745-48c5-9ec9-fdc98ed911e1","2026-07-18T14:50:00Z",1,"In which year was Chelsea FC founded?","1905",True
"3f1c8e42-5a7d-4b19-9e63-c0d84f2a71b5","Chelsea FC Stadium and Museum Tour","951046f5-a745-48c5-9ec9-fdc98ed911e1","2026-07-18T14:50:00Z",2,"What is the name of Chelsea FC's home stadium?","Stamford Bridge",True
"3f1c8e42-5a7d-4b19-9e63-c0d84f2a71b5","Chelsea FC Stadium and Museum Tour","951046f5-a745-48c5-9ec9-fdc98ed911e1","2026-07-18T14:50:00Z",3,"Which animal features on the Chelsea FC club crest?","Wolf",False
"3f1c8e42-5a7d-4b19-9e63-c0d84f2a71b5","Chelsea FC Stadium and Museum Tour","951046f5-a745-48c5-9ec9-fdc98ed911e1","2026-07-18T14:50:00Z",4,"Who is Chelsea FC's all-time leading goalscorer?","Didier Drogba",False
"3f1c8e42-5a7d-4b19-9e63-c0d84f2a71b5","Chelsea FC Stadium and Museum Tour","951046f5-a745-48c5-9ec9-fdc98ed911e1","2026-07-18T14:50:00Z",5,"In which year did Chelsea FC win their first UEFA Champions League title?","2005",False
"3f1c8e42-5a7d-4b19-9e63-c0d84f2a71b5","Chelsea FC Stadium and Museum Tour","a92fa4b8-28cf-4bea-9c81-7bc1d3da867f","2026-07-18T16:43:00Z",1,"In which year was Chelsea FC founded?","1905",True
"3f1c8e42-5a7d-4b19-9e63-c0d84f2a71b5","Chelsea FC Stadium and Museum Tour","a92fa4b8-28cf-4bea-9c81-7bc1d3da867f","2026-07-18T16:43:00Z",2,"What is the name of Chelsea FC's home stadium?","Stamford Bridge",True
"3f1c8e42-5a7d-4b19-9e63-c0d84f2a71b5","Chelsea FC Stadium and Museum Tour","a92fa4b8-28cf-4bea-9c81-7bc1d3da867f","2026-07-18T16:43:00Z",3,"Which animal features on the Chelsea FC club crest?","Lion",True
"3f1c8e42-5a7d-4b19-9e63-c0d84f2a71b5","Chelsea FC Stadium and Museum Tour","a92fa4b8-28cf-4bea-9c81-7bc1d3da867f","2026-07-18T16:43:00Z",4,"Who is Chelsea FC's all-time leading goalscorer?","Didier Drogba",False
"3f1c8e42-5a7d-4b19-9e63-c0d84f2a71b5","Chelsea FC Stadium and Museum Tour","a92fa4b8-28cf-4bea-9c81-7bc1d3da867f","2026-07-18T16:43:00Z",5,"In which year did Chelsea FC win their first UEFA Champions League title?","2012",True
"3f1c8e42-5a7d-4b19-9e63-c0d84f2a71b5","Chelsea FC Stadium and Museum Tour","e742a150-c9d9-4193-b16e-ea32e8c27216","2026-07-18T17:22:00Z",1,"In which year was Chelsea FC founded?","1932",False
"3f1c8e42-5a7d-4b19-9e63-c0d84f2a71b5","Chelsea FC Stadium and Museum Tour","e742a150-c9d9-4193-b16e-ea32e8c27216","2026-07-18T17:22:00Z",2,"What is the name of Chelsea FC's home stadium?","Stamford Bridge",True
"3f1c8e42-5a7d-4b19-9e63-c0d84f2a71b5","Chelsea FC Stadium and Museum Tour","e742a150-c9d9-4193-b16e-ea32e8c27216","2026-07-18T17:22:00Z",3,"Which animal features on the Chelsea FC club crest?","Lion",True
"3f1c8e42-5a7d-4b19-9e63-c0d84f2a71b5","Chelsea FC Stadium and Museum Tour","e742a150-c9d9-4193-b16e-ea32e8c27216","2026-07-18T17:22:00Z",4,"Who is Chelsea FC's all-time leading goalscorer?","Didier Drogba",False
"3f1c8e42-5a7d-4b19-9e63-c0d84f2a71b5","Chelsea FC Stadium and Museum Tour","e742a150-c9d9-4193-b16e-ea32e8c27216","2026-07-18T17:22:00Z",5,"In which year did Chelsea FC win their first UEFA Champions League title?","2012",True
"3f1c8e42-5a7d-4b19-9e63-c0d84f2a71b5","Chelsea FC Stadium and Museum Tour","08813d67-2882-413f-b142-20e94b3ef6e6","2026-07-18T19:24:00Z",1,"In which year was Chelsea FC founded?","1905",True
"3f1c8e42-5a7d-4b19-9e63-c0d84f2a71b5","Chelsea FC Stadium and Museum Tour","08813d67-2882-413f-b142-20e94b3ef6e6","2026-07-18T19:24:00Z",2,"What is the name of Chelsea FC's home stadium?","Stamford Bridge",True
"3f1c8e42-5a7d-4b19-9e63-c0d84f2a71b5","Chelsea FC Stadium and Museum Tour","08813d67-2882-413f-b142-20e94b3ef6e6","2026-07-18T19:24:00Z",3,"Which animal features on the Chelsea FC club crest?","Lion",True
"3f1c8e42-5a7d-4b19-9e63-c0d84f2a71b5","Chelsea FC Stadium and Museum Tour","08813d67-2882-413f-b142-20e94b3ef6e6","2026-07-18T19:24:00Z",4,"Who is Chelsea FC's all-time leading goalscorer?","Frank Lampard",True
"3f1c8e42-5a7d-4b19-9e63-c0d84f2a71b5","Chelsea FC Stadium and Museum Tour","08813d67-2882-413f-b142-20e94b3ef6e6","2026-07-18T19:24:00Z",5,"In which year did Chelsea FC win their first UEFA Champions League title?","2021",False
"3f1c8e42-5a7d-4b19-9e63-c0d84f2a71b5","Chelsea FC Stadium and Museum Tour","fa5e21c9-001f-49db-abb9-135d72c64739","2026-07-18T20:10:00Z",1,"In which year was Chelsea FC founded?","1905",True
"3f1c8e42-5a7d-4b19-9e63-c0d84f2a71b5","Chelsea FC Stadium and Museum Tour","fa5e21c9-001f-49db-abb9-135d72c64739","2026-07-18T20:10:00Z",2,"What is the name of Chelsea FC's home stadium?","Stamford Bridge",True
"3f1c8e42-5a7d-4b19-9e63-c0d84f2a71b5","Chelsea FC Stadium and Museum Tour","fa5e21c9-001f-49db-abb9-135d72c64739","2026-07-18T20:10:00Z",3,"Which animal features on the Chelsea FC club crest?","Lion",True
"3f1c8e42-5a7d-4b19-9e63-c0d84f2a71b5","Chelsea FC Stadium and Museum Tour","fa5e21c9-001f-49db-abb9-135d72c64739","2026-07-18T20:10:00Z",4,"Who is Chelsea FC's all-time leading goalscorer?","Frank Lampard",True
"3f1c8e42-5a7d-4b19-9e63-c0d84f2a71b5","Chelsea FC Stadium and Museum Tour","fa5e21c9-001f-49db-abb9-135d72c64739","2026-07-18T20:10:00Z",5,"In which year did Chelsea FC win their first UEFA Champions League title?","2012",True
"3f1c8e42-5a7d-4b19-9e63-c0d84f2a71b5","Chelsea FC Stadium and Museum Tour","11734706-07f2-4dec-aa2e-065c18d487df","2026-07-18T21:06:00Z",1,"In which year was Chelsea FC founded?","1905",True
"3f1c8e42-5a7d-4b19-9e63-c0d84f2a71b5","Chelsea FC Stadium and Museum Tour","11734706-07f2-4dec-aa2e-065c18d487df","2026-07-18T21:06:00Z",2,"What is the name of Chelsea FC's home stadium?","Stamford Bridge",True
"3f1c8e42-5a7d-4b19-9e63-c0d84f2a71b5","Chelsea FC Stadium and Museum Tour","11734706-07f2-4dec-aa2e-065c18d487df","2026-07-18T21:06:00Z",3,"Which animal features on the Chelsea FC club crest?","Lion",True
"3f1c8e42-5a7d-4b19-9e63-c0d84f2a71b5","Chelsea FC Stadium and Museum Tour","11734706-07f2-4dec-aa2e-065c18d487df","2026-07-18T21:06:00Z",4,"Who is Chelsea FC's all-time leading goalscorer?","Frank Lampard",True
"3f1c8e42-5a7d-4b19-9e63-c0d84f2a71b5","Chelsea FC Stadium and Museum Tour","11734706-07f2-4dec-aa2e-065c18d487df","2026-07-18T21:06:00Z",5,"In which year did Chelsea FC win their first UEFA Champions League title?","2005",False
"3f1c8e42-5a7d-4b19-9e63-c0d84f2a71b5","Chelsea FC Stadium and Museum Tour","ac66c244-9976-42d8-9b8f-52f52522e4b9","2026-07-18T21:28:00Z",1,"In which year was Chelsea FC founded?","1905",True
"3f1c8e42-5a7d-4b19-9e63-c0d84f2a71b5","Chelsea FC Stadium and Museum Tour","ac66c244-9976-42d8-9b8f-52f52522e4b9","2026-07-18T21:28:00Z",2,"What is the name of Chelsea FC's home stadium?","Stamford Bridge",True
"3f1c8e42-5a7d-4b19-9e63-c0d84f2a71b5","Chelsea FC Stadium and Museum Tour","ac66c244-9976-42d8-9b8f-52f52522e4b9","2026-07-18T21:28:00Z",3,"Which animal features on the Chelsea FC club crest?","Lion",True
"3f1c8e42-5a7d-4b19-9e63-c0d84f2a71b5","Chelsea FC Stadium and Museum Tour","ac66c244-9976-42d8-9b8f-52f52522e4b9","2026-07-18T21:28:00Z",4,"Who is Chelsea FC's all-time leading goalscorer?","Frank Lampard",True
"3f1c8e42-5a7d-4b19-9e63-c0d84f2a71b5","Chelsea FC Stadium and Museum Tour","ac66c244-9976-42d8-9b8f-52f52522e4b9","2026-07-18T21:28:00Z",5,"In which year did Chelsea FC win their first UEFA Champions League title?","2012",True
"3f1c8e42-5a7d-4b19-9e63-c0d84f2a71b5","Chelsea FC Stadium and Museum Tour","9d331472-bbb5-48c0-ae03-e566114ee282","2026-07-18T23:34:00Z",1,"In which year was Chelsea FC founded?","1932",False
"3f1c8e42-5a7d-4b19-9e63-c0d84f2a71b5","Chelsea FC Stadium and Museum Tour","9d331472-bbb5-48c0-ae03-e566114ee282","2026-07-18T23:34:00Z",2,"What is the name of Chelsea FC's home stadium?","Craven Cottage",False
"3f1c8e42-5a7d-4b19-9e63-c0d84f2a71b5","Chelsea FC Stadium and Museum Tour","9d331472-bbb5-48c0-ae03-e566114ee282","2026-07-18T23:34:00Z",3,"Which animal features on the Chelsea FC club crest?","Lion",True
"3f1c8e42-5a7d-4b19-9e63-c0d84f2a71b5","Chelsea FC Stadium and Museum Tour","9d331472-bbb5-48c0-ae03-e566114ee282","2026-07-18T23:34:00Z",4,"Who is Chelsea FC's all-time leading goalscorer?","Bobby Tambling",False
"3f1c8e42-5a7d-4b19-9e63-c0d84f2a71b5","Chelsea FC Stadium and Museum Tour","9d331472-bbb5-48c0-ae03-e566114ee282","2026-07-18T23:34:00Z",5,"In which year did Chelsea FC win their first UEFA Champions League title?","2008",False
"3f1c8e42-5a7d-4b19-9e63-c0d84f2a71b5","Chelsea FC Stadium and Museum Tour","52122b68-be3e-455a-a635-8602d4a73d4c","2026-07-19T01:15:00Z",1,"In which year was Chelsea FC founded?","1887",False
"3f1c8e42-5a7d-4b19-9e63-c0d84f2a71b5","Chelsea FC Stadium and Museum Tour","52122b68-be3e-455a-a635-8602d4a73d4c","2026-07-19T01:15:00Z",2,"What is the name of Chelsea FC's home stadium?","Stamford Bridge",True
"3f1c8e42-5a7d-4b19-9e63-c0d84f2a71b5","Chelsea FC Stadium and Museum Tour","52122b68-be3e-455a-a635-8602d4a73d4c","2026-07-19T01:15:00Z",3,"Which animal features on the Chelsea FC club crest?","Lion",True
"3f1c8e42-5a7d-4b19-9e63-c0d84f2a71b5","Chelsea FC Stadium and Museum Tour","52122b68-be3e-455a-a635-8602d4a73d4c","2026-07-19T01:15:00Z",4,"Who is Chelsea FC's all-time leading goalscorer?","Didier Drogba",False
"3f1c8e42-5a7d-4b19-9e63-c0d84f2a71b5","Chelsea FC Stadium and Museum Tour","52122b68-be3e-455a-a635-8602d4a73d4c","2026-07-19T01:15:00Z",5,"In which year did Chelsea FC win their first UEFA Champions League title?","2012",True
"3f1c8e42-5a7d-4b19-9e63-c0d84f2a71b5","Chelsea FC Stadium and Museum Tour","440132e9-db1f-405c-860f-80de3c1be8fb","2026-07-19T01:53:00Z",1,"In which year was Chelsea FC founded?","1905",True
"3f1c8e42-5a7d-4b19-9e63-c0d84f2a71b5","Chelsea FC Stadium and Museum Tour","440132e9-db1f-405c-860f-80de3c1be8fb","2026-07-19T01:53:00Z",2,"What is the name of Chelsea FC's home stadium?","Stamford Bridge",True
"3f1c8e42-5a7d-4b19-9e63-c0d84f2a71b5","Chelsea FC Stadium and Museum Tour","440132e9-db1f-405c-860f-80de3c1be8fb","2026-07-19T01:53:00Z",3,"Which animal features on the Chelsea FC club crest?","Lion",True
"3f1c8e42-5a7d-4b19-9e63-c0d84f2a71b5","Chelsea FC Stadium and Museum Tour","440132e9-db1f-405c-860f-80de3c1be8fb","2026-07-19T01:53:00Z",4,"Who is Chelsea FC's all-time leading goalscorer?","John Terry",False
"3f1c8e42-5a7d-4b19-9e63-c0d84f2a71b5","Chelsea FC Stadium and Museum Tour","440132e9-db1f-405c-860f-80de3c1be8fb","2026-07-19T01:53:00Z",5,"In which year did Chelsea FC win their first UEFA Champions League title?","2012",True
"3f1c8e42-5a7d-4b19-9e63-c0d84f2a71b5","Chelsea FC Stadium and Museum Tour","ac9a4dde-2add-432a-8fdd-c2823b0cbb9f","2026-07-19T04:30:00Z",1,"In which year was Chelsea FC founded?","1905",True
"3f1c8e42-5a7d-4b19-9e63-c0d84f2a71b5","Chelsea FC Stadium and Museum Tour","ac9a4dde-2add-432a-8fdd-c2823b0cbb9f","2026-07-19T04:30:00Z",2,"What is the name of Chelsea FC's home stadium?","Stamford Bridge",True
"3f1c8e42-5a7d-4b19-9e63-c0d84f2a71b5","Chelsea FC Stadium and Museum Tour","ac9a4dde-2add-432a-8fdd-c2823b0cbb9f","2026-07-19T04:30:00Z",3,"Which animal features on the Chelsea FC club crest?","Lion",True
"3f1c8e42-5a7d-4b19-9e63-c0d84f2a71b5","Chelsea FC Stadium and Museum Tour","ac9a4dde-2add-432a-8fdd-c2823b0cbb9f","2026-07-19T04:30:00Z",4,"Who is Chelsea FC's all-time leading goalscorer?","Frank Lampard",True
"3f1c8e42-5a7d-4b19-9e63-c0d84f2a71b5","Chelsea FC Stadium and Museum Tour","ac9a4dde-2add-432a-8fdd-c2823b0cbb9f","2026-07-19T04:30:00Z",5,"In which year did Chelsea FC win their first UEFA Champions League title?","2012",True
"3f1c8e42-5a7d-4b19-9e63-c0d84f2a71b5","Chelsea FC Stadium and Museum Tour","b217178c-ff0c-435d-8088-c2e1f41f0c5e","2026-07-19T05:35:00Z",1,"In which year was Chelsea FC founded?","1905",True
"3f1c8e42-5a7d-4b19-9e63-c0d84f2a71b5","Chelsea FC Stadium and Museum Tour","b217178c-ff0c-435d-8088-c2e1f41f0c5e","2026-07-19T05:35:00Z",2,"What is the name of Chelsea FC's home stadium?","Stamford Bridge",True
"3f1c8e42-5a7d-4b19-9e63-c0d84f2a71b5","Chelsea FC Stadium and Museum Tour","b217178c-ff0c-435d-8088-c2e1f41f0c5e","2026-07-19T05:35:00Z",3,"Which animal features on the Chelsea FC club crest?","Lion",True
"3f1c8e42-5a7d-4b19-9e63-c0d84f2a71b5","Chelsea FC Stadium and Museum Tour","b217178c-ff0c-435d-8088-c2e1f41f0c5e","2026-07-19T05:35:00Z",4,"Who is Chelsea FC's all-time leading goalscorer?","Frank Lampard",True
"3f1c8e42-5a7d-4b19-9e63-c0d84f2a71b5","Chelsea FC Stadium and Museum Tour","b217178c-ff0c-435d-8088-c2e1f41f0c5e","2026-07-19T05:35:00Z",5,"In which year did Chelsea FC win their first UEFA Champions League title?","2012",True
"3f1c8e42-5a7d-4b19-9e63-c0d84f2a71b5","Chelsea FC Stadium and Museum Tour","4fe1a2e0-3d7a-4d96-8b3f-1464a7343a99","2026-07-19T08:19:00Z",1,"In which year was Chelsea FC founded?","1905",True
"3f1c8e42-5a7d-4b19-9e63-c0d84f2a71b5","Chelsea FC Stadium and Museum Tour","4fe1a2e0-3d7a-4d96-8b3f-1464a7343a99","2026-07-19T08:19:00Z",2,"What is the name of Chelsea FC's home stadium?","Stamford Bridge",True
"3f1c8e42-5a7d-4b19-9e63-c0d84f2a71b5","Chelsea FC Stadium and Museum Tour","4fe1a2e0-3d7a-4d96-8b3f-1464a7343a99","2026-07-19T08:19:00Z",3,"Which animal features on the Chelsea FC club crest?","Eagle",False
"3f1c8e42-5a7d-4b19-9e63-c0d84f2a71b5","Chelsea FC Stadium and Museum Tour","4fe1a2e0-3d7a-4d96-8b3f-1464a7343a99","2026-07-19T08:19:00Z",4,"Who is Chelsea FC's all-time leading goalscorer?","Didier Drogba",False
"3f1c8e42-5a7d-4b19-9e63-c0d84f2a71b5","Chelsea FC Stadium and Museum Tour","4fe1a2e0-3d7a-4d96-8b3f-1464a7343a99","2026-07-19T08:19:00Z",5,"In which year did Chelsea FC win their first UEFA Champions League title?","2012",True
"3f1c8e42-5a7d-4b19-9e63-c0d84f2a71b5","Chelsea FC Stadium and Museum Tour","7e3d95b7-f7ad-474d-a58f-3bc47a8020b8","2026-07-19T11:03:00Z",1,"In which year was Chelsea FC founded?","1905",True
"3f1c8e42-5a7d-4b19-9e63-c0d84f2a71b5","Chelsea FC Stadium and Museum Tour","7e3d95b7-f7ad-474d-a58f-3bc47a8020b8","2026-07-19T11:03:00Z",2,"What is the name of Chelsea FC's home stadium?","Stamford Bridge",True
"3f1c8e42-5a7d-4b19-9e63-c0d84f2a71b5","Chelsea FC Stadium and Museum Tour","7e3d95b7-f7ad-474d-a58f-3bc47a8020b8","2026-07-19T11:03:00Z",3,"Which animal features on the Chelsea FC club crest?","Lion",True
"3f1c8e42-5a7d-4b19-9e63-c0d84f2a71b5","Chelsea FC Stadium and Museum Tour","7e3d95b7-f7ad-474d-a58f-3bc47a8020b8","2026-07-19T11:03:00Z",4,"Who is Chelsea FC's all-time leading goalscorer?","John Terry",False
"3f1c8e42-5a7d-4b19-9e63-c0d84f2a71b5","Chelsea FC Stadium and Museum Tour","7e3d95b7-f7ad-474d-a58f-3bc47a8020b8","2026-07-19T11:03:00Z",5,"In which year did Chelsea FC win their first UEFA Champions League title?","2012",True
"3f1c8e42-5a7d-4b19-9e63-c0d84f2a71b5","Chelsea FC Stadium and Museum Tour","58f46b80-542a-4580-8f44-0db2eca7880b","2026-07-19T12:32:00Z",1,"In which year was Chelsea FC founded?","1887",False
"3f1c8e42-5a7d-4b19-9e63-c0d84f2a71b5","Chelsea FC Stadium and Museum Tour","58f46b80-542a-4580-8f44-0db2eca7880b","2026-07-19T12:32:00Z",2,"What is the name of Chelsea FC's home stadium?","Stamford Bridge",True
"3f1c8e42-5a7d-4b19-9e63-c0d84f2a71b5","Chelsea FC Stadium and Museum Tour","58f46b80-542a-4580-8f44-0db2eca7880b","2026-07-19T12:32:00Z",3,"Which animal features on the Chelsea FC club crest?","Lion",True
"3f1c8e42-5a7d-4b19-9e63-c0d84f2a71b5","Chelsea FC Stadium and Museum Tour","58f46b80-542a-4580-8f44-0db2eca7880b","2026-07-19T12:32:00Z",4,"Who is Chelsea FC's all-time leading goalscorer?","Frank Lampard",True
"3f1c8e42-5a7d-4b19-9e63-c0d84f2a71b5","Chelsea FC Stadium and Museum Tour","58f46b80-542a-4580-8f44-0db2eca7880b","2026-07-19T12:32:00Z",5,"In which year did Chelsea FC win their first UEFA Champions League title?","2008",False
"3f1c8e42-5a7d-4b19-9e63-c0d84f2a71b5","Chelsea FC Stadium and Museum Tour","e5730d8d-4be9-4138-9410-c609f2e8ec7f","2026-07-19T15:16:00Z",1,"In which year was Chelsea FC founded?","1905",True
"3f1c8e42-5a7d-4b19-9e63-c0d84f2a71b5","Chelsea FC Stadium and Museum Tour","e5730d8d-4be9-4138-9410-c609f2e8ec7f","2026-07-19T15:16:00Z",2,"What is the name of Chelsea FC's home stadium?","Stamford Bridge",True
"3f1c8e42-5a7d-4b19-9e63-c0d84f2a71b5","Chelsea FC Stadium and Museum Tour","e5730d8d-4be9-4138-9410-c609f2e8ec7f","2026-07-19T15:16:00Z",3,"Which animal features on the Chelsea FC club crest?","Lion",True
"3f1c8e42-5a7d-4b19-9e63-c0d84f2a71b5","Chelsea FC Stadium and Museum Tour","e5730d8d-4be9-4138-9410-c609f2e8ec7f","2026-07-19T15:16:00Z",4,"Who is Chelsea FC's all-time leading goalscorer?","Frank Lampard",True
"3f1c8e42-5a7d-4b19-9e63-c0d84f2a71b5","Chelsea FC Stadium and Museum Tour","e5730d8d-4be9-4138-9410-c609f2e8ec7f","2026-07-19T15:16:00Z",5,"In which year did Chelsea FC win their first UEFA Champions League title?","2008",False
"3f1c8e42-5a7d-4b19-9e63-c0d84f2a71b5","Chelsea FC Stadium and Museum Tour","637276bf-7ca0-43ae-a10d-6a4f22a2407a","2026-07-19T17:45:00Z",1,"In which year was Chelsea FC founded?","1905",True
"3f1c8e42-5a7d-4b19-9e63-c0d84f2a71b5","Chelsea FC Stadium and Museum Tour","637276bf-7ca0-43ae-a10d-6a4f22a2407a","2026-07-19T17:45:00Z",2,"What is the name of Chelsea FC's home stadium?","Stamford Bridge",True
"3f1c8e42-5a7d-4b19-9e63-c0d84f2a71b5","Chelsea FC Stadium and Museum Tour","637276bf-7ca0-43ae-a10d-6a4f22a2407a","2026-07-19T17:45:00Z",3,"Which animal features on the Chelsea FC club crest?","Lion",True
"3f1c8e42-5a7d-4b19-9e63-c0d84f2a71b5","Chelsea FC Stadium and Museum Tour","637276bf-7ca0-43ae-a10d-6a4f22a2407a","2026-07-19T17:45:00Z",4,"Who is Chelsea FC's all-time leading goalscorer?","Frank Lampard",True
"3f1c8e42-5a7d-4b19-9e63-c0d84f2a71b5","Chelsea FC Stadium and Museum Tour","637276bf-7ca0-43ae-a10d-6a4f22a2407a","2026-07-19T17:45:00Z",5,"In which year did Chelsea FC win their first UEFA Champions League title?","2012",True
"3f1c8e42-5a7d-4b19-9e63-c0d84f2a71b5","Chelsea FC Stadium and Museum Tour","670a3429-c65f-4dac-a625-ac9c6fb0b6f9","2026-07-19T19:33:00Z",1,"In which year was Chelsea FC founded?","1905",True
"3f1c8e42-5a7d-4b19-9e63-c0d84f2a71b5","Chelsea FC Stadium and Museum Tour","670a3429-c65f-4dac-a625-ac9c6fb0b6f9","2026-07-19T19:33:00Z",2,"What is the name of Chelsea FC's home stadium?","The Emirates",False
"3f1c8e42-5a7d-4b19-9e63-c0d84f2a71b5","Chelsea FC Stadium and Museum Tour","670a3429-c65f-4dac-a625-ac9c6fb0b6f9","2026-07-19T19:33:00Z",3,"Which animal features on the Chelsea FC club crest?","Lion",True
"3f1c8e42-5a7d-4b19-9e63-c0d84f2a71b5","Chelsea FC Stadium and Museum Tour","670a3429-c65f-4dac-a625-ac9c6fb0b6f9","2026-07-19T19:33:00Z",4,"Who is Chelsea FC's all-time leading goalscorer?","Didier Drogba",False
"3f1c8e42-5a7d-4b19-9e63-c0d84f2a71b5","Chelsea FC Stadium and Museum Tour","670a3429-c65f-4dac-a625-ac9c6fb0b6f9","2026-07-19T19:33:00Z",5,"In which year did Chelsea FC win their first UEFA Champions League title?","2021",False
"3f1c8e42-5a7d-4b19-9e63-c0d84f2a71b5","Chelsea FC Stadium and Museum Tour","cb42df31-c248-4b6d-928d-4f55095173a7","2026-07-19T22:12:00Z",1,"In which year was Chelsea FC founded?","1905",True
"3f1c8e42-5a7d-4b19-9e63-c0d84f2a71b5","Chelsea FC Stadium and Museum Tour","cb42df31-c248-4b6d-928d-4f55095173a7","2026-07-19T22:12:00Z",2,"What is the name of Chelsea FC's home stadium?","Stamford Bridge",True
"3f1c8e42-5a7d-4b19-9e63-c0d84f2a71b5","Chelsea FC Stadium and Museum Tour","cb42df31-c248-4b6d-928d-4f55095173a7","2026-07-19T22:12:00Z",3,"Which animal features on the Chelsea FC club crest?","Lion",True
"3f1c8e42-5a7d-4b19-9e63-c0d84f2a71b5","Chelsea FC Stadium and Museum Tour","cb42df31-c248-4b6d-928d-4f55095173a7","2026-07-19T22:12:00Z",4,"Who is Chelsea FC's all-time leading goalscorer?","Bobby Tambling",False
"3f1c8e42-5a7d-4b19-9e63-c0d84f2a71b5","Chelsea FC Stadium and Museum Tour","cb42df31-c248-4b6d-928d-4f55095173a7","2026-07-19T22:12:00Z",5,"In which year did Chelsea FC win their first UEFA Champions League title?","2021",False
"3f1c8e42-5a7d-4b19-9e63-c0d84f2a71b5","Chelsea FC Stadium and Museum Tour","429e4688-62e6-4004-b227-d1105b9957cc","2026-07-20T00:25:00Z",1,"In which year was Chelsea FC founded?","1887",False
"3f1c8e42-5a7d-4b19-9e63-c0d84f2a71b5","Chelsea FC Stadium and Museum Tour","429e4688-62e6-4004-b227-d1105b9957cc","2026-07-20T00:25:00Z",2,"What is the name of Chelsea FC's home stadium?","Stamford Bridge",True
"3f1c8e42-5a7d-4b19-9e63-c0d84f2a71b5","Chelsea FC Stadium and Museum Tour","429e4688-62e6-4004-b227-d1105b9957cc","2026-07-20T00:25:00Z",3,"Which animal features on the Chelsea FC club crest?","Wolf",False
"3f1c8e42-5a7d-4b19-9e63-c0d84f2a71b5","Chelsea FC Stadium and Museum Tour","429e4688-62e6-4004-b227-d1105b9957cc","2026-07-20T00:25:00Z",4,"Who is Chelsea FC's all-time leading goalscorer?","Didier Drogba",False
"3f1c8e42-5a7d-4b19-9e63-c0d84f2a71b5","Chelsea FC Stadium and Museum Tour","429e4688-62e6-4004-b227-d1105b9957cc","2026-07-20T00:25:00Z",5,"In which year did Chelsea FC win their first UEFA Champions League title?","2012",True
"3f1c8e42-5a7d-4b19-9e63-c0d84f2a71b5","Chelsea FC Stadium and Museum Tour","2c84fbf3-a24e-47d9-8aee-699f1d92697d","2026-07-20T01:51:00Z",1,"In which year was Chelsea FC founded?","1905",True
"3f1c8e42-5a7d-4b19-9e63-c0d84f2a71b5","Chelsea FC Stadium and Museum Tour","2c84fbf3-a24e-47d9-8aee-699f1d92697d","2026-07-20T01:51:00Z",2,"What is the name of Chelsea FC's home stadium?","Stamford Bridge",True
"3f1c8e42-5a7d-4b19-9e63-c0d84f2a71b5","Chelsea FC Stadium and Museum Tour","2c84fbf3-a24e-47d9-8aee-699f1d92697d","2026-07-20T01:51:00Z",3,"Which animal features on the Chelsea FC club crest?","Lion",True
"3f1c8e42-5a7d-4b19-9e63-c0d84f2a71b5","Chelsea FC Stadium and Museum Tour","2c84fbf3-a24e-47d9-8aee-699f1d92697d","2026-07-20T01:51:00Z",4,"Who is Chelsea FC's all-time leading goalscorer?","John Terry",False
"3f1c8e42-5a7d-4b19-9e63-c0d84f2a71b5","Chelsea FC Stadium and Museum Tour","2c84fbf3-a24e-47d9-8aee-699f1d92697d","2026-07-20T01:51:00Z",5,"In which year did Chelsea FC win their first UEFA Champions League title?","2012",True
"3f1c8e42-5a7d-4b19-9e63-c0d84f2a71b5","Chelsea FC Stadium and Museum Tour","e52e4938-8495-4320-8888-338657d59391","2026-07-20T02:36:00Z",1,"In which year was Chelsea FC founded?","1905",True
"3f1c8e42-5a7d-4b19-9e63-c0d84f2a71b5","Chelsea FC Stadium and Museum Tour","e52e4938-8495-4320-8888-338657d59391","2026-07-20T02:36:00Z",2,"What is the name of Chelsea FC's home stadium?","Stamford Bridge",True
"3f1c8e42-5a7d-4b19-9e63-c0d84f2a71b5","Chelsea FC Stadium and Museum Tour","e52e4938-8495-4320-8888-338657d59391","2026-07-20T02:36:00Z",3,"Which animal features on the Chelsea FC club crest?","Lion",True
"3f1c8e42-5a7d-4b19-9e63-c0d84f2a71b5","Chelsea FC Stadium and Museum Tour","e52e4938-8495-4320-8888-338657d59391","2026-07-20T02:36:00Z",4,"Who is Chelsea FC's all-time leading goalscorer?","Bobby Tambling",False
"3f1c8e42-5a7d-4b19-9e63-c0d84f2a71b5","Chelsea FC Stadium and Museum Tour","e52e4938-8495-4320-8888-338657d59391","2026-07-20T02:36:00Z",5,"In which year did Chelsea FC win their first UEFA Champions League title?","2012",True
"3f1c8e42-5a7d-4b19-9e63-c0d84f2a71b5","Chelsea FC Stadium and Museum Tour","1d23c6a5-89ba-4a41-994c-d0fc674636fa","2026-07-20T05:12:00Z",1,"In which year was Chelsea FC founded?","1905",True
"3f1c8e42-5a7d-4b19-9e63-c0d84f2a71b5","Chelsea FC Stadium and Museum Tour","1d23c6a5-89ba-4a41-994c-d0fc674636fa","2026-07-20T05:12:00Z",2,"What is the name of Chelsea FC's home stadium?","Stamford Bridge",True
"3f1c8e42-5a7d-4b19-9e63-c0d84f2a71b5","Chelsea FC Stadium and Museum Tour","1d23c6a5-89ba-4a41-994c-d0fc674636fa","2026-07-20T05:12:00Z",3,"Which animal features on the Chelsea FC club crest?","Lion",True
"3f1c8e42-5a7d-4b19-9e63-c0d84f2a71b5","Chelsea FC Stadium and Museum Tour","1d23c6a5-89ba-4a41-994c-d0fc674636fa","2026-07-20T05:12:00Z",4,"Who is Chelsea FC's all-time leading goalscorer?","Frank Lampard",True
"3f1c8e42-5a7d-4b19-9e63-c0d84f2a71b5","Chelsea FC Stadium and Museum Tour","1d23c6a5-89ba-4a41-994c-d0fc674636fa","2026-07-20T05:12:00Z",5,"In which year did Chelsea FC win their first UEFA Champions League title?","2012",True
"3f1c8e42-5a7d-4b19-9e63-c0d84f2a71b5","Chelsea FC Stadium and Museum Tour","d09eb6b5-b586-48dd-a0bc-324a97b10353","2026-07-20T06:25:00Z",1,"In which year was Chelsea FC founded?","1932",False
"3f1c8e42-5a7d-4b19-9e63-c0d84f2a71b5","Chelsea FC Stadium and Museum Tour","d09eb6b5-b586-48dd-a0bc-324a97b10353","2026-07-20T06:25:00Z",2,"What is the name of Chelsea FC's home stadium?","Stamford Bridge",True
"3f1c8e42-5a7d-4b19-9e63-c0d84f2a71b5","Chelsea FC Stadium and Museum Tour","d09eb6b5-b586-48dd-a0bc-324a97b10353","2026-07-20T06:25:00Z",3,"Which animal features on the Chelsea FC club crest?","Lion",True
"3f1c8e42-5a7d-4b19-9e63-c0d84f2a71b5","Chelsea FC Stadium and Museum Tour","d09eb6b5-b586-48dd-a0bc-324a97b10353","2026-07-20T06:25:00Z",4,"Who is Chelsea FC's all-time leading goalscorer?","Didier Drogba",False
"3f1c8e42-5a7d-4b19-9e63-c0d84f2a71b5","Chelsea FC Stadium and Museum Tour","d09eb6b5-b586-48dd-a0bc-324a97b10353","2026-07-20T06:25:00Z",5,"In which year did Chelsea FC win their first UEFA Champions League title?","2008",False
"3f1c8e42-5a7d-4b19-9e63-c0d84f2a71b5","Chelsea FC Stadium and Museum Tour","ea130aae-f6a1-45e3-b711-a741733ab593","2026-07-20T07:37:00Z",1,"In which year was Chelsea FC founded?","1905",True
"3f1c8e42-5a7d-4b19-9e63-c0d84f2a71b5","Chelsea FC Stadium and Museum Tour","ea130aae-f6a1-45e3-b711-a741733ab593","2026-07-20T07:37:00Z",2,"What is the name of Chelsea FC's home stadium?","Stamford Bridge",True
"3f1c8e42-5a7d-4b19-9e63-c0d84f2a71b5","Chelsea FC Stadium and Museum Tour","ea130aae-f6a1-45e3-b711-a741733ab593","2026-07-20T07:37:00Z",3,"Which animal features on the Chelsea FC club crest?","Lion",True
"3f1c8e42-5a7d-4b19-9e63-c0d84f2a71b5","Chelsea FC Stadium and Museum Tour","ea130aae-f6a1-45e3-b711-a741733ab593","2026-07-20T07:37:00Z",4,"Who is Chelsea FC's all-time leading goalscorer?","Bobby Tambling",False
"3f1c8e42-5a7d-4b19-9e63-c0d84f2a71b5","Chelsea FC Stadium and Museum Tour","ea130aae-f6a1-45e3-b711-a741733ab593","2026-07-20T07:37:00Z",5,"In which year did Chelsea FC win their first UEFA Champions League title?","2012",True
"3f1c8e42-5a7d-4b19-9e63-c0d84f2a71b5","Chelsea FC Stadium and Museum Tour","94285fb1-a672-40c7-ba6a-c56dafb9ce9f","2026-07-20T09:41:00Z",1,"In which year was Chelsea FC founded?","1905",True
"3f1c8e42-5a7d-4b19-9e63-c0d84f2a71b5","Chelsea FC Stadium and Museum Tour","94285fb1-a672-40c7-ba6a-c56dafb9ce9f","2026-07-20T09:41:00Z",2,"What is the name of Chelsea FC's home stadium?","Stamford Bridge",True
"3f1c8e42-5a7d-4b19-9e63-c0d84f2a71b5","Chelsea FC Stadium and Museum Tour","94285fb1-a672-40c7-ba6a-c56dafb9ce9f","2026-07-20T09:41:00Z",3,"Which animal features on the Chelsea FC club crest?","Wolf",False
"3f1c8e42-5a7d-4b19-9e63-c0d84f2a71b5","Chelsea FC Stadium and Museum Tour","94285fb1-a672-40c7-ba6a-c56dafb9ce9f","2026-07-20T09:41:00Z",4,"Who is Chelsea FC's all-time leading goalscorer?","Frank Lampard",True
"3f1c8e42-5a7d-4b19-9e63-c0d84f2a71b5","Chelsea FC Stadium and Museum Tour","94285fb1-a672-40c7-ba6a-c56dafb9ce9f","2026-07-20T09:41:00Z",5,"In which year did Chelsea FC win their first UEFA Champions League title?","2008",False
"3f1c8e42-5a7d-4b19-9e63-c0d84f2a71b5","Chelsea FC Stadium and Museum Tour","dced77ee-4713-4d76-9313-49897f08802a","2026-07-20T11:08:00Z",1,"In which year was Chelsea FC founded?","1932",False
"3f1c8e42-5a7d-4b19-9e63-c0d84f2a71b5","Chelsea FC Stadium and Museum Tour","dced77ee-4713-4d76-9313-49897f08802a","2026-07-20T11:08:00Z",2,"What is the name of Chelsea FC's home stadium?","The Emirates",False
"3f1c8e42-5a7d-4b19-9e63-c0d84f2a71b5","Chelsea FC Stadium and Museum Tour","dced77ee-4713-4d76-9313-49897f08802a","2026-07-20T11:08:00Z",3,"Which animal features on the Chelsea FC club crest?","Lion",True
"3f1c8e42-5a7d-4b19-9e63-c0d84f2a71b5","Chelsea FC Stadium and Museum Tour","dced77ee-4713-4d76-9313-49897f08802a","2026-07-20T11:08:00Z",4,"Who is Chelsea FC's all-time leading goalscorer?","Bobby Tambling",False
"3f1c8e42-5a7d-4b19-9e63-c0d84f2a71b5","Chelsea FC Stadium and Museum Tour","dced77ee-4713-4d76-9313-49897f08802a","2026-07-20T11:08:00Z",5,"In which year did Chelsea FC win their first UEFA Champions League title?","2008",False
"3f1c8e42-5a7d-4b19-9e63-c0d84f2a71b5","Chelsea FC Stadium and Museum Tour","ced28b6f-eaf9-4577-be9b-657623722ba2","2026-07-20T13:35:00Z",1,"In which year was Chelsea FC founded?","1905",True
"3f1c8e42-5a7d-4b19-9e63-c0d84f2a71b5","Chelsea FC Stadium and Museum Tour","ced28b6f-eaf9-4577-be9b-657623722ba2","2026-07-20T13:35:00Z",2,"What is the name of Chelsea FC's home stadium?","Stamford Bridge",True
"3f1c8e42-5a7d-4b19-9e63-c0d84f2a71b5","Chelsea FC Stadium and Museum Tour","ced28b6f-eaf9-4577-be9b-657623722ba2","2026-07-20T13:35:00Z",3,"Which animal features on the Chelsea FC club crest?","Lion",True
"3f1c8e42-5a7d-4b19-9e63-c0d84f2a71b5","Chelsea FC Stadium and Museum Tour","ced28b6f-eaf9-4577-be9b-657623722ba2","2026-07-20T13:35:00Z",4,"Who is Chelsea FC's all-time leading goalscorer?","Frank Lampard",True
"3f1c8e42-5a7d-4b19-9e63-c0d84f2a71b5","Chelsea FC Stadium and Museum Tour","ced28b6f-eaf9-4577-be9b-657623722ba2","2026-07-20T13:35:00Z",5,"In which year did Chelsea FC win their first UEFA Champions League title?","2021",False
"3f1c8e42-5a7d-4b19-9e63-c0d84f2a71b5","Chelsea FC Stadium and Museum Tour","dc21d876-0a77-46e7-9399-5df8cb79eb94","2026-07-20T15:25:00Z",1,"In which year was Chelsea FC founded?","1905",True
"3f1c8e42-5a7d-4b19-9e63-c0d84f2a71b5","Chelsea FC Stadium and Museum Tour","dc21d876-0a77-46e7-9399-5df8cb79eb94","2026-07-20T15:25:00Z",2,"What is the name of Chelsea FC's home stadium?","Anfield",False
"3f1c8e42-5a7d-4b19-9e63-c0d84f2a71b5","Chelsea FC Stadium and Museum Tour","dc21d876-0a77-46e7-9399-5df8cb79eb94","2026-07-20T15:25:00Z",3,"Which animal features on the Chelsea FC club crest?","Lion",True
"3f1c8e42-5a7d-4b19-9e63-c0d84f2a71b5","Chelsea FC Stadium and Museum Tour","dc21d876-0a77-46e7-9399-5df8cb79eb94","2026-07-20T15:25:00Z",4,"Who is Chelsea FC's all-time leading goalscorer?","Bobby Tambling",False
"3f1c8e42-5a7d-4b19-9e63-c0d84f2a71b5","Chelsea FC Stadium and Museum Tour","dc21d876-0a77-46e7-9399-5df8cb79eb94","2026-07-20T15:25:00Z",5,"In which year did Chelsea FC win their first UEFA Champions League title?","2012",True
"3f1c8e42-5a7d-4b19-9e63-c0d84f2a71b5","Chelsea FC Stadium and Museum Tour","df7ab8f6-ec89-447c-9abe-1dcda0699b42","2026-07-20T16:23:00Z",1,"In which year was Chelsea FC founded?","1905",True
"3f1c8e42-5a7d-4b19-9e63-c0d84f2a71b5","Chelsea FC Stadium and Museum Tour","df7ab8f6-ec89-447c-9abe-1dcda0699b42","2026-07-20T16:23:00Z",2,"What is the name of Chelsea FC's home stadium?","Stamford Bridge",True
"3f1c8e42-5a7d-4b19-9e63-c0d84f2a71b5","Chelsea FC Stadium and Museum Tour","df7ab8f6-ec89-447c-9abe-1dcda0699b42","2026-07-20T16:23:00Z",3,"Which animal features on the Chelsea FC club crest?","Lion",True
"3f1c8e42-5a7d-4b19-9e63-c0d84f2a71b5","Chelsea FC Stadium and Museum Tour","df7ab8f6-ec89-447c-9abe-1dcda0699b42","2026-07-20T16:23:00Z",4,"Who is Chelsea FC's all-time leading goalscorer?","Frank Lampard",True
"3f1c8e42-5a7d-4b19-9e63-c0d84f2a71b5","Chelsea FC Stadium and Museum Tour","df7ab8f6-ec89-447c-9abe-1dcda0699b42","2026-07-20T16:23:00Z",5,"In which year did Chelsea FC win their first UEFA Champions League title?","2012",True
"3f1c8e42-5a7d-4b19-9e63-c0d84f2a71b5","Chelsea FC Stadium and Museum Tour","3f1ce782-8fec-4139-95b7-7890865fd612","2026-07-20T18:12:00Z",1,"In which year was Chelsea FC founded?","1932",False
"3f1c8e42-5a7d-4b19-9e63-c0d84f2a71b5","Chelsea FC Stadium and Museum Tour","3f1ce782-8fec-4139-95b7-7890865fd612","2026-07-20T18:12:00Z",2,"What is the name of Chelsea FC's home stadium?","Stamford Bridge",True
"3f1c8e42-5a7d-4b19-9e63-c0d84f2a71b5","Chelsea FC Stadium and Museum Tour","3f1ce782-8fec-4139-95b7-7890865fd612","2026-07-20T18:12:00Z",3,"Which animal features on the Chelsea FC club crest?","Lion",True
"3f1c8e42-5a7d-4b19-9e63-c0d84f2a71b5","Chelsea FC Stadium and Museum Tour","3f1ce782-8fec-4139-95b7-7890865fd612","2026-07-20T18:12:00Z",4,"Who is Chelsea FC's all-time leading goalscorer?","Bobby Tambling",False
"3f1c8e42-5a7d-4b19-9e63-c0d84f2a71b5","Chelsea FC Stadium and Museum Tour","3f1ce782-8fec-4139-95b7-7890865fd612","2026-07-20T18:12:00Z",5,"In which year did Chelsea FC win their first UEFA Champions League title?","2012",True
